<?xml version="1.0" encoding="utf-8"?>
<extension type="component" version="1.0.0" method="upgrade">
 	<name>IMAB API</name>
	<description>REST-API for Ionic Mobile App Builder</description>
	<copyright>Copyright (C) 2014 Ihsana IT Solution. All rights reserved.</copyright>
	<creationDate>19-08-2016</creationDate>
	<author>Jasman</author>
	<authorEmail>jasman@ihsana.com</authorEmail>
	<authorUrl>http://www.ihsana.com</authorUrl>
	<license>GNU General Public License version 2 or later</license>
	<version>0.0.1</version>
	<files folder="site">
		<filename>index.html</filename>
		<filename>imabapi.php</filename>
		<filename>controller.php</filename>
		<folder>views</folder>
	</files>
 	<administration>
		<menu img="class:imabapi">COM_IMABAPI</menu>
		<files folder="admin">
			<filename>index.html</filename>
			<filename>imabapi.php</filename>
			<folder>views</folder>
		</files>
	</administration>
 
</extension>